id:ID(标签),实体名
3-6岁label,3-6岁
随时听label,随时听
7-10岁label,7-10岁
带孩子label,带孩子
艺术能力label,艺术能力
儿童教育label,儿童教育
0-2岁label,0-2岁
睡前label,睡前
故事label,故事
绘本label,绘本
儿童文学label,儿童文学
起床label,起床
孕期label,孕期
心理label,心理
家教label,家教
综合教育label,综合教育
早教label,早教
外语儿歌label,外语儿歌
少儿音乐label,少儿音乐
童话神话label,童话神话
教育理念label,教育理念
父母教育label,父母教育
动画片label,动画片
少儿影视label,少儿影视
文学label,文学
个性发展label,个性发展
教材label,教材
语文label,语文
学科教育label,学科教育
父母课堂label,父母课堂
胎教label,胎教
蒙学label,蒙学
少儿国学label,少儿国学
分级阅读label,分级阅读
学前英语label,学前英语
11-14岁label,11-14岁
国学历史label,国学历史
史label,史
科普label,科普
小说名著label,小说名著
动漫电影label,动漫电影
儿歌label,儿歌
宝贝showlabel,宝贝show
英语label,英语
逻辑思维label,逻辑思维
动物与恐龙label,动物与恐龙
科普百科label,科普百科
诗词label,诗词
经label,经
健康label,健康
童谣label,童谣
护理保健label,护理保健
中文儿歌label,中文儿歌
轻音乐label,轻音乐
人文社科label,人文社科
卡通label,卡通
语言教育label,语言教育
数学label,数学
阅读label,阅读
自然科学label,自然科学
自然拼读label,自然拼读
亲子共读label,亲子共读
情绪管理label,情绪管理
诗歌散文label,诗歌散文
成语label,成语
综合英语label,综合英语
传记label,传记
安全教育label,安全教育
综合label,综合
认知能力label,认知能力
饮食营养label,饮食营养
有声书label,有声书
绘画label,绘画
通识国学label,通识国学
集label,集
少儿艺术label,少儿艺术
课堂label,课堂
综合健康label,综合健康
护理label,护理
子label,子
公开课label,公开课
怀孕label,怀孕
教育通谈label,教育通谈
数理化label,数理化
亲子关系label,亲子关系
天文地理label,天文地理
高新科技label,高新科技
运动游戏label,运动游戏
生活常识label,生活常识
社交情商label,社交情商
其他学科label,其他学科
朗读label,朗读
分娩label,分娩
身体发育label,身体发育
特殊儿童label,特殊儿童
演讲label,演讲
脱口秀label,脱口秀
访谈label,访谈
其它label,其它
性教育label,性教育
备孕label,备孕
疾病预防label,疾病预防
讲坛label,讲坛
国学label,国学
纪录片label,纪录片
儿童label,儿童
新东方label,新东方
资讯label,资讯
综艺节目label,综艺节目
实验label,实验
音乐label,音乐
艺术label,艺术
有声读物label,有声读物
解惑label,解惑
神话伦理label,神话伦理
入门label,入门
歌单label,歌单
御宅label,御宅
纯音乐label,纯音乐
精选集label,精选集
古典label,古典
中小学生label,中小学生
绘本故事label,绘本故事
童书label,童书
口语label,口语
四级label,四级
朗文label,朗文
书法label,书法
